False;True;False;False;True;True;False;False;True;False;False;True;False;False;True;False;False;True;False;False;False;True;False;False;True;False;True;False;False;True;False;False;True;False;False;True;False;True;False;False;True;True;False;False;True;True;False;False;True;False;False
True;False;True;False;False;True;False;False;True;False;False;True;False;False;True;False;False;True;False;False;False;True;False;False;True;False;True;False;False;True;False;False;True;False;False;True;False;True;False;True;False;True;False;False;True;True;False;False;True;False;False
False;True;False;False;True;True;False;False;True;False;False;True;False;False;True;False;False;True;False;False;False;True;False;False;True;False;True;False;False;True;False;False;True;False;False;True;False;False;True;False;True;True;False;False;True;True;False;False;True;False;False
False;True;False;True;False;True;False;False;True;False;False;True;False;False;True;False;False;True;False;False;False;True;False;False;True;False;True;False;False;True;False;False;True;False;False;False;True;False;True;False;True;True;False;True;False;True;False;False;True;False;False
True;False;False;False;True;True;False;False;True;False;False;True;False;False;True;False;False;True;False;False;False;True;False;False;True;False;True;False;False;True;False;False;True;False;False;True;False;True;False;False;True;False;True;False;True;True;False;False;True;False;False
True;False;False;False;True;True;False;False;True;False;False;True;False;False;True;False;False;True;False;False;False;True;False;False;True;False;True;False;False;True;False;False;True;False;False;False;True;True;False;False;True;False;True;True;False;True;False;False;True;False;False
True;False;False;True;False;True;False;False;True;False;False;True;False;False;True;False;False;True;False;False;False;True;False;False;True;False;True;False;False;True;False;False;True;False;False;True;False;True;False;True;False;True;False;False;True;True;False;False;True;False;False
False;True;True;False;False;True;False;False;True;False;False;True;False;False;True;False;False;True;False;False;False;True;False;False;True;False;True;False;False;True;False;False;True;False;False;True;False;True;False;True;False;False;True;False;True;True;False;False;True;False;False
False;True;False;True;False;True;False;False;True;False;False;True;False;False;True;False;False;True;False;False;False;True;False;False;True;False;True;False;False;True;False;False;True;False;False;True;False;False;True;False;True;True;False;False;True;True;False;False;True;False;False
True;False;True;False;False;True;False;False;True;False;False;True;False;False;True;False;False;True;False;False;False;True;False;False;True;False;True;False;False;True;False;False;True;False;False;False;True;False;True;True;False;True;False;False;True;True;False;False;True;False;False
False;True;True;False;False;True;False;False;True;False;False;True;False;False;True;False;False;True;False;False;False;True;False;None;None;None;True;False;False;True;False;False;True;False;False;False;True;False;True;True;False;True;False;True;False;True;False;False;True;False;False
True;False;True;False;False;True;False;False;True;False;False;True;False;False;True;False;False;True;False;False;False;True;False;False;True;False;True;False;False;True;False;False;True;False;False;False;True;True;False;False;True;True;False;True;False;True;False;False;True;False;False
False;True;False;True;False;True;False;False;True;False;False;True;False;False;True;False;False;True;False;False;False;True;False;False;True;False;True;False;False;True;False;False;True;False;False;False;True;True;False;True;False;False;True;False;True;True;False;False;True;False;False
True;False;False;True;False;True;False;False;True;False;False;True;False;False;True;False;False;True;False;False;False;True;False;False;True;False;True;False;False;True;False;False;True;False;False;True;False;False;True;True;False;True;False;False;True;True;False;False;True;False;False
False;True;False;True;False;True;False;False;True;False;False;True;False;False;True;False;False;True;False;False;False;True;False;False;True;False;True;False;False;True;False;False;True;False;False;True;False;False;True;False;True;True;False;True;False;True;False;False;True;False;False
True;False;False;False;True;True;False;False;True;False;False;True;False;False;True;False;False;True;False;False;False;True;False;False;True;False;True;False;False;True;False;False;True;False;False;False;True;False;True;True;False;False;True;True;False;True;False;False;True;False;False
True;False;False;True;False;True;False;False;True;False;False;True;False;False;True;False;False;True;False;False;False;True;False;False;True;False;True;False;False;True;False;False;True;False;False;False;True;False;True;False;True;True;False;True;False;True;False;False;True;False;False
False;True;False;True;False;True;False;False;True;False;False;True;False;False;True;False;False;True;False;False;False;True;False;False;True;False;True;False;False;True;False;False;True;False;False;True;False;False;True;True;False;True;False;False;True;True;False;False;True;False;False
False;True;False;True;False;True;False;False;True;False;False;True;False;False;True;False;False;True;False;False;False;True;False;False;True;False;True;False;False;True;False;False;True;False;False;True;False;True;False;True;False;False;True;True;False;True;False;False;True;False;False
True;False;False;False;True;True;False;False;True;False;False;True;False;False;True;False;False;True;False;False;False;True;False;False;True;False;True;False;False;True;False;False;True;False;False;True;False;True;False;True;False;False;True;True;False;True;False;False;True;False;False
False;True;True;False;False;True;False;False;True;False;False;True;False;False;True;False;False;True;False;False;False;True;False;False;True;False;True;False;False;True;False;False;True;False;False;True;False;False;True;True;False;True;False;False;True;True;False;False;True;False;False
True;False;False;True;False;True;False;False;True;False;False;True;False;False;True;False;False;True;False;False;False;True;False;False;True;False;True;False;False;True;False;False;True;False;False;False;True;True;False;False;True;False;True;False;True;True;False;False;True;False;False
False;True;False;True;False;True;False;False;True;False;False;True;False;False;True;False;False;True;False;False;False;True;False;False;True;False;True;False;False;True;False;False;True;False;False;False;True;True;False;False;True;False;True;False;True;True;False;False;True;False;False
True;False;True;False;False;True;False;False;True;False;False;True;False;False;True;False;False;True;False;False;False;True;False;False;True;False;True;False;False;True;False;False;True;False;False;True;False;False;True;False;True;True;False;True;False;True;False;False;True;False;False
True;False;True;False;False;True;False;False;True;False;False;True;False;False;True;False;False;True;False;False;False;True;False;False;True;False;True;False;False;True;False;False;True;False;False;False;True;True;False;True;False;True;False;False;True;True;False;False;True;False;False
True;False;False;False;True;True;False;False;True;False;False;True;False;False;True;False;False;True;False;False;False;True;False;False;True;False;True;False;False;True;False;False;True;False;False;True;False;True;False;True;False;False;True;True;False;True;False;False;True;False;False
True;False;True;False;False;True;False;False;True;False;False;True;False;False;True;False;False;True;False;False;False;True;False;False;True;False;True;False;False;True;False;False;True;False;False;True;False;True;False;False;True;True;False;False;True;True;False;False;True;False;False
False;True;True;False;False;True;False;False;True;False;False;True;False;False;True;False;False;True;False;False;False;True;False;False;True;False;True;False;False;True;False;False;True;False;False;False;True;False;True;True;False;False;True;False;True;True;False;False;True;False;False
True;False;False;True;False;True;False;False;True;False;False;True;False;False;True;False;False;True;False;False;False;True;False;False;True;False;True;False;False;True;False;False;True;False;False;False;True;True;False;False;True;False;True;True;False;True;False;False;True;False;False
False;True;False;True;False;True;False;False;True;False;False;True;False;False;True;False;False;True;False;False;False;True;False;False;True;False;True;False;False;True;False;False;True;False;False;True;False;True;False;True;False;True;False;False;True;True;False;False;True;False;False
False;True;False;False;True;True;False;False;True;False;False;True;False;False;True;False;False;True;False;False;False;True;False;False;True;False;True;False;False;True;False;False;True;False;False;False;True;True;False;True;False;False;True;False;True;True;False;False;True;False;False
False;True;False;False;True;True;False;False;True;False;False;True;False;False;True;False;False;True;False;False;False;True;False;False;True;False;True;False;False;True;False;False;True;False;False;False;True;False;True;True;False;True;False;False;True;True;False;False;True;False;False
True;False;False;True;False;True;False;False;True;False;False;True;False;False;True;False;False;True;False;False;False;True;False;False;True;False;True;False;False;True;False;False;True;False;False;False;True;False;True;True;False;True;False;True;False;True;False;False;True;False;False
False;True;False;False;True;True;False;False;True;False;False;True;False;False;True;False;False;True;False;False;False;True;False;False;True;False;True;False;False;True;False;False;True;False;False;False;True;False;True;True;False;True;False;False;True;True;False;False;True;False;False
False;True;False;False;True;True;False;False;True;False;False;True;False;False;True;False;False;True;False;False;False;True;False;False;True;False;True;False;False;True;False;False;True;False;False;False;True;False;True;False;True;True;False;True;False;True;False;False;True;False;False
True;False;False;True;False;True;False;False;True;False;False;True;False;False;True;False;False;True;False;False;False;True;False;False;True;False;True;False;False;True;False;False;True;False;False;False;True;False;True;False;True;False;True;False;True;True;False;False;True;False;False
True;False;False;True;False;True;False;False;True;False;False;True;False;False;True;False;False;True;False;False;False;True;False;False;True;False;True;False;False;True;False;False;True;False;False;True;False;True;False;True;False;False;True;True;False;True;False;False;True;False;False
True;False;False;False;True;True;False;False;True;False;False;True;False;False;True;False;False;True;False;False;False;True;False;False;True;False;True;False;False;True;False;False;True;False;False;True;False;True;False;False;True;False;True;True;False;True;False;False;True;False;False
False;True;False;True;False;True;False;False;True;False;False;True;False;False;True;False;False;True;False;False;False;True;False;False;True;False;True;False;False;True;False;False;True;False;False;False;True;False;True;False;True;False;True;True;False;True;False;False;True;False;False
False;True;True;False;False;True;False;False;True;False;False;True;False;False;True;False;False;True;False;False;False;True;False;False;True;False;True;False;False;True;False;False;True;False;False;True;False;True;False;False;True;True;False;True;False;True;False;False;True;False;False
True;False;False;False;True;True;False;False;True;False;False;True;False;False;True;False;False;True;False;False;False;True;False;False;True;False;True;False;False;True;False;False;True;False;False;True;False;False;True;True;False;False;True;False;True;True;False;False;True;False;False
False;True;False;True;False;True;False;False;True;False;False;True;False;False;True;False;False;True;False;False;False;True;False;False;True;False;True;False;False;True;False;False;True;False;False;True;False;True;False;True;False;True;False;True;False;True;False;False;True;False;False
False;True;True;False;False;True;False;False;True;False;False;True;False;False;True;False;False;True;False;False;False;True;False;False;True;False;True;False;False;True;False;False;True;False;False;False;True;False;True;False;True;True;False;True;False;True;False;False;True;False;False
False;True;False;True;False;True;False;False;True;False;False;True;False;False;True;False;False;True;False;False;False;True;False;False;True;False;True;False;False;True;False;False;True;False;False;True;False;False;True;True;False;False;True;False;True;True;False;False;True;False;False
True;False;False;False;True;True;False;False;True;False;False;True;False;False;True;False;False;True;False;False;False;True;False;False;True;False;True;False;False;True;False;False;True;False;False;True;False;False;True;True;False;False;True;False;True;True;False;False;True;False;False
True;False;True;False;False;True;False;False;True;False;False;True;False;False;True;False;False;True;False;False;False;True;False;False;True;False;True;False;False;True;False;False;True;False;False;False;True;True;False;True;False;True;False;True;False;True;False;False;True;False;False
False;True;False;True;False;True;False;False;True;False;False;True;False;False;True;False;False;True;False;False;False;True;False;False;True;False;True;False;False;True;False;False;True;False;False;False;True;False;True;False;True;True;False;False;True;True;False;False;True;False;False
False;True;False;False;True;True;False;False;True;False;False;True;False;False;True;False;False;True;False;False;False;True;False;False;True;False;True;False;False;True;False;False;True;False;False;True;False;True;False;False;True;True;False;False;True;True;False;False;True;False;False
True;False;True;False;False;True;False;False;True;False;False;True;False;False;True;False;False;True;False;False;False;True;False;False;True;False;True;False;False;True;False;False;True;False;False;True;False;False;True;True;False;False;True;False;True;True;False;False;True;False;False
False;True;False;True;False;True;False;False;True;False;False;True;False;False;True;False;False;True;False;False;False;True;False;False;True;False;True;False;False;True;False;False;True;False;False;True;False;True;False;False;True;False;True;True;False;True;False;False;True;False;False
True;False;False;False;True;True;False;False;True;False;False;True;False;False;True;False;False;True;False;False;False;True;False;False;True;False;True;False;False;True;False;False;True;False;False;True;False;True;False;False;True;False;True;False;True;True;False;False;True;False;False
True;False;True;False;False;True;False;False;True;False;False;True;False;False;True;False;False;True;False;False;False;True;False;False;True;False;True;False;False;True;False;False;True;False;False;False;True;True;False;False;True;True;False;True;False;True;False;False;True;False;False
False;True;False;True;False;True;False;False;True;False;False;True;False;False;True;False;False;True;False;False;False;True;False;False;True;False;True;False;False;True;False;False;True;False;False;False;True;True;False;True;False;False;True;False;True;True;False;False;True;False;False
False;True;False;True;False;True;False;False;True;False;False;True;False;False;True;False;False;True;False;False;False;True;False;False;True;False;True;False;False;True;False;False;True;False;False;True;False;False;True;False;True;True;False;True;False;True;False;False;True;False;False
True;False;True;False;False;True;False;False;True;False;False;True;False;False;True;False;False;True;False;False;False;True;False;False;True;False;True;False;False;True;False;False;True;False;False;False;True;False;True;False;True;True;False;False;True;True;False;False;True;False;False
True;False;False;False;True;True;False;False;True;False;False;True;False;False;True;False;False;True;False;False;False;True;False;False;True;False;True;False;False;True;False;False;True;False;False;True;False;True;False;False;True;True;False;False;True;True;False;False;True;False;False
False;True;False;False;True;True;False;False;True;False;False;True;False;False;True;False;False;True;False;False;False;True;False;False;True;False;True;False;False;True;False;False;True;False;False;False;True;False;True;False;True;True;False;False;True;True;False;False;True;False;False
True;False;False;True;False;True;False;False;True;False;False;True;False;False;True;False;False;True;False;False;False;True;False;False;True;False;True;False;False;True;False;False;True;False;False;True;False;True;False;False;True;False;True;True;False;True;False;False;True;False;False
True;False;True;False;False;True;False;False;True;False;False;True;False;False;True;False;False;True;False;False;False;True;False;False;True;False;True;False;False;True;False;False;True;False;False;False;True;True;False;False;True;True;False;True;False;True;False;False;True;False;False
True;False;False;True;False;True;False;False;True;False;False;True;False;False;True;False;False;True;False;False;False;True;False;False;True;False;True;False;False;True;False;False;True;False;False;True;False;False;True;False;True;True;False;False;True;True;False;False;True;False;False
True;False;False;True;False;True;False;False;True;False;False;True;False;False;True;False;False;True;False;False;False;True;False;False;True;False;True;False;False;True;False;False;True;False;False;True;False;False;True;True;False;True;False;False;True;True;False;False;True;False;False
True;False;True;False;False;True;False;False;True;False;False;True;False;False;True;False;False;True;False;False;False;True;False;False;True;False;True;False;False;True;False;False;True;False;False;True;False;True;False;False;True;True;False;False;True;True;False;False;True;False;False
True;False;True;False;False;True;False;False;True;False;False;True;False;False;True;False;False;True;False;False;False;True;False;False;True;False;True;False;False;True;False;False;True;False;False;False;True;True;False;True;False;False;True;False;True;True;False;False;True;False;False
False;True;False;False;True;True;False;False;True;False;False;True;False;False;True;False;False;True;False;False;False;True;False;False;True;False;True;False;False;True;False;False;True;False;False;False;True;False;True;False;True;False;True;True;False;True;False;False;True;False;False
True;False;False;False;True;True;False;False;True;False;False;True;False;False;True;False;False;True;False;False;False;True;False;False;True;False;True;False;False;True;False;False;True;False;False;False;True;True;False;False;True;True;False;False;True;True;False;False;True;False;False
False;True;False;False;True;True;False;False;True;False;False;True;False;False;True;False;False;True;False;False;False;True;False;False;True;False;True;False;False;True;False;False;True;False;False;False;True;False;True;False;True;False;True;False;True;True;False;False;True;False;False
True;False;False;True;False;True;False;False;True;False;False;True;False;False;True;False;False;True;False;False;False;True;False;False;True;False;True;False;False;True;False;False;True;False;False;True;False;True;False;True;False;False;True;True;False;True;False;False;True;False;False
False;True;False;True;False;True;False;False;True;False;False;True;False;False;True;False;False;True;False;False;False;True;False;False;True;False;True;False;False;True;False;False;True;False;False;True;False;False;True;True;False;True;False;True;False;True;False;False;True;False;False
False;True;False;True;False;True;False;False;True;False;False;True;False;False;True;False;False;True;False;False;False;True;False;False;True;False;True;False;False;True;False;False;True;False;False;False;True;True;False;False;True;False;True;False;True;True;False;False;True;False;False
True;False;False;False;True;True;False;False;True;False;False;True;False;False;True;False;False;True;False;False;False;True;False;False;True;False;True;False;False;True;False;False;True;False;False;False;True;False;True;True;False;True;False;True;False;True;False;False;True;False;False
True;False;False;True;False;True;False;False;True;False;False;True;False;False;True;False;False;True;False;False;False;True;False;False;True;False;True;False;False;True;False;False;True;False;False;True;False;False;True;False;True;False;True;True;False;True;False;False;True;False;False
False;True;False;True;False;True;False;False;True;False;False;True;False;False;True;False;False;True;False;False;False;True;False;False;True;False;True;False;False;True;False;False;True;False;False;False;True;False;True;True;False;True;False;True;False;True;False;False;True;False;False
True;False;True;False;False;True;False;False;True;False;False;True;False;False;True;False;False;True;False;False;False;True;False;False;True;False;True;False;False;True;False;False;True;False;False;False;True;True;False;True;False;True;False;True;False;True;False;False;True;False;False
False;True;False;True;False;True;False;False;True;False;False;True;False;False;True;False;False;True;False;False;False;True;False;False;True;False;True;False;False;True;False;False;True;False;False;True;False;True;False;False;True;True;False;True;False;True;False;False;True;False;False
False;True;False;False;True;True;False;False;True;False;False;True;False;False;True;False;False;True;False;False;False;True;False;False;True;False;True;False;False;True;False;False;True;False;False;True;False;True;False;True;False;False;True;True;False;True;False;False;True;False;False
False;True;False;True;False;True;False;False;True;False;False;True;False;False;True;False;False;True;False;False;False;True;False;False;True;False;True;False;False;True;False;False;True;False;False;True;False;True;False;True;False;True;False;True;False;True;False;False;True;False;False
True;False;False;False;True;True;False;False;True;False;False;True;False;False;True;False;False;True;False;False;False;True;False;False;True;False;True;False;False;True;False;False;True;False;False;True;False;True;False;False;True;True;False;True;False;True;False;False;True;False;False
True;False;True;False;False;True;False;False;True;False;False;True;False;False;True;False;False;True;False;False;False;True;False;False;True;False;True;False;False;True;False;False;True;False;False;True;False;True;False;False;True;False;True;True;False;True;False;False;True;False;False
True;False;False;True;False;True;False;False;True;False;False;True;False;False;True;False;False;True;False;False;False;True;False;False;True;False;True;False;False;True;False;False;True;False;False;True;False;False;True;False;True;False;True;False;True;True;False;False;True;False;False
False;True;False;True;False;True;False;False;True;False;False;True;False;False;True;False;False;True;False;False;False;True;False;False;True;False;True;False;False;True;False;False;True;False;False;False;True;True;False;False;True;True;False;False;True;True;False;False;True;False;False
False;True;False;True;False;True;False;False;True;False;False;True;False;False;True;False;False;True;False;False;False;True;False;False;True;False;True;False;False;True;False;False;True;False;False;True;False;False;True;False;True;True;False;True;False;True;False;False;True;False;False
True;False;False;False;True;True;False;False;True;False;False;True;False;False;True;False;False;True;False;False;False;True;False;False;True;False;True;False;False;True;False;False;True;False;False;False;True;True;False;True;False;False;True;False;True;True;False;False;True;False;False
True;False;False;True;False;True;False;False;True;False;False;True;False;False;True;False;False;True;False;False;False;True;False;False;True;False;True;False;False;True;False;False;True;False;False;True;False;True;False;False;True;True;False;False;True;True;False;False;True;False;False
False;True;True;False;False;True;False;False;True;False;False;True;False;False;True;False;False;True;False;False;False;True;False;False;True;False;True;False;False;True;False;False;True;False;False;True;False;True;False;False;True;False;True;False;True;True;False;False;True;False;False
False;True;False;True;False;True;False;False;True;False;False;True;False;False;True;False;False;True;False;False;False;True;False;False;True;False;True;False;False;True;False;False;True;False;False;True;False;True;False;True;False;True;False;True;False;True;False;False;True;False;False
False;True;True;False;False;True;False;False;True;False;False;True;False;False;True;False;False;True;False;False;False;True;False;False;True;False;True;False;False;True;False;False;True;False;False;True;False;True;False;False;True;False;True;False;True;True;False;False;True;False;False
False;True;False;False;True;True;False;False;True;False;False;True;False;False;True;False;False;True;False;False;False;True;False;False;True;False;True;False;False;True;False;False;True;False;False;True;False;False;True;True;False;True;False;False;True;True;False;False;True;False;False
True;False;False;True;False;True;False;False;True;False;False;True;False;False;True;False;False;True;False;False;False;True;False;False;True;False;True;False;False;True;False;False;True;False;False;False;True;False;True;True;False;False;True;True;False;True;False;False;True;False;False
False;True;False;True;False;True;False;False;True;False;False;True;False;False;True;False;False;True;False;False;False;True;False;False;True;False;True;False;False;True;False;False;True;False;False;False;True;True;False;False;True;False;True;False;True;True;False;False;True;False;False
True;False;False;True;False;True;False;False;True;False;False;True;False;False;True;False;False;True;False;False;False;True;False;False;True;False;True;False;False;True;False;False;True;False;False;True;False;True;False;True;False;True;False;True;False;True;False;False;True;False;False
True;False;False;True;False;True;False;False;True;False;False;True;False;False;True;False;False;True;False;False;False;True;False;False;True;False;True;False;False;True;False;False;True;False;False;True;False;True;False;True;False;False;True;True;False;True;False;False;True;False;False
True;False;True;False;False;True;False;False;True;False;False;True;False;False;True;False;False;True;False;False;False;True;False;False;True;False;True;False;False;True;False;False;True;False;False;False;True;True;False;False;True;True;False;True;False;True;False;False;True;False;False
False;True;False;True;False;True;False;False;True;False;False;True;False;False;True;False;False;True;False;False;False;True;False;False;True;False;True;False;False;True;False;False;True;False;False;False;True;False;True;True;False;True;False;False;True;True;False;False;True;False;False
True;False;False;True;False;True;False;False;True;False;False;True;False;False;True;False;False;True;False;False;False;True;False;False;True;False;True;False;False;True;False;False;True;False;False;True;False;False;True;False;True;True;False;False;True;True;False;False;True;False;False
True;False;False;True;False;True;False;False;True;False;False;True;False;False;True;False;False;True;False;False;False;True;False;False;True;False;True;False;False;True;False;False;True;False;False;False;True;False;True;True;False;True;False;False;True;True;False;False;True;False;False
True;False;False;True;False;True;False;False;True;False;False;True;False;False;True;False;False;True;False;False;False;True;False;False;True;False;True;False;False;True;False;False;True;False;False;False;True;False;True;True;False;True;False;False;True;True;False;False;True;False;False
False;True;False;False;True;True;False;False;True;False;False;True;False;False;True;False;False;True;False;False;False;True;False;False;True;False;True;False;False;True;False;False;True;False;False;False;True;True;False;True;False;True;False;True;False;True;False;False;True;False;False
True;False;False;False;True;True;False;False;True;False;False;True;False;False;True;False;False;True;False;False;False;True;False;False;True;False;True;False;False;True;False;False;True;False;False;True;False;False;True;False;True;True;False;True;False;True;False;False;True;False;False
False;True;True;False;False;True;False;False;True;False;False;True;False;False;True;False;False;True;False;False;False;True;False;False;True;False;True;False;False;True;False;False;True;False;False;False;True;False;True;True;False;True;False;True;False;True;False;False;True;False;False
True;False;True;False;False;True;False;False;True;False;False;True;False;False;True;False;False;True;False;False;False;True;False;False;True;False;True;False;False;True;False;False;True;False;False;False;True;False;True;True;False;False;True;False;True;True;False;False;True;False;False
